﻿<genxml>
  <hidden>
    <index datatype="double">99</index>
  </hidden>
  <textbox>
    <ctrl update="save">dnnsearchindex</ctrl>
    <name update="save">DnnIdx</name>
    <icon update="save" />
    <group update="save">Admin</group>
    <path update="save">/DesktopModules/NBright/OpenStore_DnnIdx/pluginos_dnnidx.xml</path>
    <help update="save" />
    <description update="save" />
  </textbox>
  <checkbox>
    <hidden update="save">True</hidden>
  </checkbox>
  <dropdownlist />
  <checkboxlist>
    <securityroles update="save">
      <chk value="False" data="Administrators">Administrators</chk>
      <chk value="False" data="Manager">Manager</chk>
      <chk value="False" data="Editor">Editor</chk>
      <chk value="False" data="ClientEditor">ClientEditor</chk>
      <chk value="False" data="Sales">Sales</chk>
    </securityroles>
  </checkboxlist>
  <radiobuttonlist />
  <interfaces>
    <genxml>
      <files />
      <hidden />
      <textbox>
        <assembly>OpenStore_DnnIdx</assembly>
        <namespaceclass>Nevoweb.DNN.NBrightBuy.Providers.DnnIdxProvider</namespaceclass>
      </textbox>
      <checkbox>
        <active>True</active>
        <default>False</default>
      </checkbox>
      <dropdownlist>
        <providertype>05</providertype>
      </dropdownlist>
      <checkboxlist />
      <radiobuttonlist />
    </genxml>
  </interfaces>
</genxml>